<?xml version="1.0"?>
<ArrayOfTimeTable xmlns:xsi="http://www.w3.org/2001/XMLSchema-instance" xmlns:xsd="http://www.w3.org/2001/XMLSchema">
  <TimeTable>
    <Title>Default</Title>
    <EnableWeekDay>
      <boolean>true</boolean>
      <boolean>true</boolean>
      <boolean>true</boolean>
      <boolean>true</boolean>
      <boolean>true</boolean>
      <boolean>true</boolean>
      <boolean>true</boolean>
    </EnableWeekDay>
    <StartTime>0001-01-01T07:00:00</StartTime>
    <EndTime>0001-01-01T16:00:00</EndTime>
    <TimeBlocks>
      <TimeBlock>
        <SubjectTitle>123</SubjectTitle>
        <WeekDay>2</WeekDay>
        <StartTime>0001-01-01T08:25:00</StartTime>
        <EndTime>0001-01-01T16:00:00</EndTime>
        <Color>Blue</Color>
        <NotiValue>0</NotiValue>
        <Description>123</Description>
      </TimeBlock>
    </TimeBlocks>
  </TimeTable>
  <TimeTable>
    <Title>testing</Title>
    <EnableWeekDay>
      <boolean>false</boolean>
      <boolean>true</boolean>
      <boolean>true</boolean>
      <boolean>true</boolean>
      <boolean>true</boolean>
      <boolean>true</boolean>
      <boolean>false</boolean>
    </EnableWeekDay>
    <StartTime>0001-01-01T10:25:00</StartTime>
    <EndTime>0001-01-01T17:00:00</EndTime>
    <TimeBlocks />
  </TimeTable>
</ArrayOfTimeTable>